{
    "issue-type-scheme":
    {
        "name": "my.project.template.issuetype.scheme.name",
        "description": "my.project.template.issuetype.scheme.description",
        "issue-types": [
            {
                "key": "issueType1",
                "name": "Story",
                "description": "User Story",
                "icon": "/images/icons/story.png",
                "workflow": "wf1"
            }
        ]
    },
    "workflow-scheme":
    {
        "name": "my.project.template.workflow.scheme.name",
        "description": "my.project.template.workflow.scheme.description",
        "default-workflow": "wf1",
        "workflows": [
            {
                "key": "wf1",
                "name": "my.project.template.workflow.wf1.name",
                "workflow-bundle": "/wfb/Standalone-Project-Template.jwb"
            }
        ]
    }
}